Student_ID,Name,Maths,Science,English,Attendance,Total,Percentage,Grade,Result
101,Kirti,78,82,75,85,235,78.33333333,B,Pass
102,Anandi,92,89,94,95,275,91.66666667,A+,Pass
103,Ritika,65,70,68,72,203,67.66666667,C,Pass
104,Sneha,88,91,86,90,265,88.33333333,A,Pass
105,Rohit,56,60,62,65,178,59.33333333,D,Pass
106,Nayan,74,78,80,88,232,77.33333333,B,Pass
107,Karan,81,85,79,92,245,81.66666667,A,Pass
108,Pooja,95,93,96,98,284,94.66666667,A+,Pass
109,Vikas,69,72,70,75,211,70.33333333,B,Pass
110,Anjali,85,88,90,94,263,87.66666667,A,Pass
